ParticipantID,Order,textureID,IsTraining,Stage,IsPadMoved,MoveX,MoveY,IsPadScaled,ScaleX,ScaleY
-02,1,1,Init,TRUE-0.631018817424774,-0.775000095367432,FALSE,0,0
-02,1,1,Init,TRUE-0.569631017744541,-0.700390815734863,FALSE,0,0
-02,1,1,Init,TRUE-0.516685470938683,-0.631969213485718,FALSE,0,0
-02,1,1,Init,TRUE-0.467916578054428,-0.56693959236145,FALSE,0,0
-02,1,1,Init,TRUE-0.430597007274628,-0.514089107513428,FALSE,0,0
-02,1,1,Init,TRUE-0.393697053194046,-0.462680816650391,FALSE,0,0
-02,1,1,Init,TRUE-0.36454713344574,-0.421241521835327,FALSE,0,0
-02,1,1,Init,TRUE-0.338655531406403,-0.383560419082642,FALSE,0,0
-02,1,1,Init,TRUE-0.312017321586609,-0.346363067626953,FALSE,0,0
-02,1,1,Init,TRUE-0.289835304021835,-0.312989950180054,FALSE,0,0
-02,1,1,Init,TRUE-0.266880542039871,-0.281774520874023,FALSE,0,0
-02,1,1,Init,TRUE-0.251102298498154,-0.257593154907227,FALSE,0,0
-02,1,1,Init,TRUE-0.235090106725693,-0.234490394592285,FALSE,0,0
-02,1,1,Init,TRUE-0.220725297927856,-0.213610172271729,FALSE,0,0
-02,1,1,Init,TRUE-0.208421051502228,-0.19466495513916,FALSE,0,0
-02,1,1,Init,TRUE-0.195230901241302,-0.176788091659546,FALSE,0,0
-02,1,1,Init,TRUE-0.183080077171326,-0.158541440963745,FALSE,0,0
-02,1,1,Init,TRUE-0.173094928264618,-0.143179893493652,FALSE,0,0
-02,1,1,Init,TRUE-0.16409957408905,-0.129485368728638,FALSE,0,0
-02,1,1,Init,TRUE-0.156010270118713,-0.116912364959717,FALSE,0,0
-02,1,1,Init,TRUE-0.146539986133575,-0.104400396347046,FALSE,0,0
-02,1,1,Init,TRUE-0.138377666473389,-0.0938713550567627,FALSE,0,0
-02,1,1,Init,TRUE-0.141370356082916,-0.0854268074035645,FALSE,0,0
-02,1,1,Init,TRUE-0.135234296321869,-0.0765681266784668,FALSE,0,0
-02,1,1,Init,TRUE-0.1461221575737,-0.0697507858276367,FALSE,0,0
-02,1,1,Init,TRUE-0.138205051422119,-0.0615189075469971,FALSE,0,0
-02,1,1,Init,TRUE-0.136963605880737,-0.056067943572998,FALSE,0,0
-02,1,1,Init,TRUE-0.137930035591125,-0.0510005950927734,FALSE,0,0
-02,1,1,Init,TRUE-0.138418316841125,-0.0457457304000854,FALSE,0,0
-02,1,1,Init,TRUE-0.136872828006744,-0.0409471988677979,FALSE,0,0
-02,1,1,Init,TRUE-0.139003872871399,-0.0373084545135498,FALSE,0,0
-02,1,1,Init,TRUE-0.13880866765976,-0.0337308645248413,FALSE,0,0
-02,1,1,Init,TRUE-0.137967467308044,-0.0304313898086548,FALSE,0,0
-02,1,1,Init,TRUE-0.133389413356781,-0.0272594690322876,FALSE,0,0
-02,1,1,Init,TRUE-0.131599843502045,-0.0248075723648071,FALSE,0,0
-02,1,1,Init,TRUE-0.128061592578888,-0.0224183797836304,FALSE,0,0
-02,1,1,Init,TRUE-0.124559044837952,-0.0202711820602417,FALSE,0,0
-02,1,1,Init,TRUE-0.117248892784119,-0.0181399583816528,FALSE,0,0
-02,1,1,Init,TRUE-0.111509025096893,-0.0163646936416626,FALSE,0,0
-02,1,1,Init,TRUE-0.104650855064392,-0.0147174596786499,FALSE,0,0
-02,1,1,Init,TRUE-0.0997585654258728,-0.0133808851242065,FALSE,0,0
-02,1,1,Init,TRUE-0.0953717827796936,-0.0120784044265747,FALSE,0,0
-02,1,1,Init,TRUE-0.0901678800582886,-0.010952353477478,FALSE,0,0
-02,1,1,Init,TRUE-0.0831229090690613,-0.00986087322235107,FALSE,0,0
-02,1,1,Init,TRUE-0.0775768160820007,-0.00890791416168213,FALSE,0,0
-02,1,1,Init,TRUE-0.0738987922668457,-0.00803780555725098,FALSE,0,0
-02,1,1,Init,TRUE-0.0696638822555542,-0.00732457637786865,FALSE,0,0
-02,1,1,Init,TRUE-0.0647345185279846,-0.00661277770996094,FALSE,0,0
-02,1,1,Init,TRUE-0.0601133108139038,-0.00597155094146729,FALSE,0,0
-02,1,1,Init,TRUE-0.0562596321105957,-0.00540041923522949,FALSE,0,0
-02,1,1,Init,TRUE-0.0536113381385803,-0.0048757791519165,FALSE,0,0
-02,1,1,Init,TRUE-0.0512832999229431,-0.00444471836090088,FALSE,0,0
-02,1,1,Init,TRUE-0.0492048859596252,-0.00401031970977783,FALSE,0,0
-02,1,1,Init,TRUE-0.0469788312911987,-0.0035935640335083,FALSE,0,0
-02,1,1,Init,TRUE-0.0454636216163635,-0.00324571132659912,FALSE,0,0
-02,1,1,Init,TRUE-0.0448243618011475,-0.00293219089508057,FALSE,0,0
-02,1,1,Init,TRUE-0.0430216789245605,-0.00260627269744873,FALSE,0,0
-02,1,1,Init,TRUE-0.0428884029388428,-0.00237023830413818,FALSE,0,0
-02,1,1,Init,TRUE-0.0419561266899109,-0.00214254856109619,FALSE,0,0
-02,1,1,Init,TRUE-0.148183405399323,-0.00195252895355225,FALSE,0,0
-02,1,1,Init,TRUE-0.00527811050415039,0,FALSE,0,0
-02,1,1,Init,TRUE-0.00886666774749756,0,FALSE,0,0
-02,1,1,Init,TRUE-0.0405796766281128,0,FALSE,0,0
-02,1,1,Init,TRUE-0.0412073135375977,0,FALSE,0,0
-02,1,1,Init,TRUE-0.0289462804794312,0,FALSE,0,0
-02,1,1,Init,TRUE-0.0153461694717407,0,FALSE,0,0
-02,1,1,Init,TRUE-0.00393033027648926,0,FALSE,0,0
-02,1,1,Init,TRUE0.0376766920089722,0,FALSE,0,0
-02,1,1,Init,TRUE0.0323792695999146,0,FALSE,0,0
-02,1,1,Init,TRUE0.00343132019042969,0,FALSE,0,0
-02,1,1,Init,TRUE-0.0316170454025269,0,FALSE,0,0
-02,1,1,Init,TRUE-0.0606173276901245,0,FALSE,0,0
-02,1,1,Init,TRUE-0.0846189260482788,0,FALSE,0,0
-02,1,1,Init,TRUE-0.0922460556030273,0,FALSE,0,0
-02,1,1,Init,TRUE-0.100508809089661,0,FALSE,0,0
-02,1,1,Init,TRUE-0.105654716491699,0.0230640172958374,FALSE,0,0
-02,1,1,Init,TRUE-0.110610485076904,0.0406965017318726,FALSE,0,0
-02,1,1,Init,TRUE-0.106575846672058,0.0423288345336914,FALSE,0,0
-02,1,1,Init,TRUE-0.0902198553085327,0.0355558395385742,FALSE,0,0
-02,1,1,Init,TRUE-0.0624301433563232,0.0201743841171265,FALSE,0,0
-02,1,1,Init,TRUE-0.0082542896270752,0.0294396877288818,FALSE,0,0
-02,1,1,Init,TRUE-0.0306944847106934,0.0899415016174316,FALSE,0,0
-02,1,1,Init,TRUE-0.0234760046005249,0.116291999816895,FALSE,0,0
-02,1,1,Init,TRUE0.00118839740753174,0.160227060317993,FALSE,0,0
-02,1,1,Init,TRUE0.0222377777099609,0.217664003372192,FALSE,0,0
-02,1,1,Init,TRUE0.0287716388702393,0.288430571556091,FALSE,0,0
-02,1,1,Init,TRUE0.0141092538833618,0.345947027206421,FALSE,0,0
-02,1,1,Init,TRUE-0.0181418657302856,0.375979900360107,FALSE,0,0
-02,1,1,Init,TRUE-0.0366647243499756,0.37175464630127,FALSE,0,0
-02,1,1,Init,TRUE-0.039214015007019,0.341659307479858,FALSE,0,0
-02,1,1,Init,TRUE-0.032570481300354,0.289902329444885,FALSE,0,0
-02,1,1,Init,TRUE-0.0332239866256714,0.237074971199036,FALSE,0,0
-02,1,1,Init,TRUE-0.0457121133804321,0.183758616447449,FALSE,0,0
-02,1,1,Init,TRUE-0.0633094310760498,0.135148644447327,FALSE,0,0
-02,1,1,Init,TRUE-0.0787638425827026,0.0908046960830688,FALSE,0,0
-02,1,1,Init,TRUE-0.0912957191467285,0.0521152019500732,FALSE,0,0
-02,1,1,Init,TRUE-0.0866842269897461,0.0376706123352051,FALSE,0,0
-02,1,1,Init,TRUE-0.0916478633880615,0.027984619140625,FALSE,0,0
-02,1,1,Init,TRUE-0.0924707651138306,0.0166420936584473,FALSE,0,0
-02,1,1,Init,TRUE-0.0841728448867798,0.00667393207550049,FALSE,0,0
-02,1,1,Init,TRUE-0.0713878870010376,-0.00127875804901123,FALSE,0,0
-02,1,1,Init,TRUE-0.0552487373352051,-0.00180423259735107,FALSE,0,0
-02,1,1,Init,TRUE-0.0395872592926025,-0.00109398365020752,FALSE,0,0
-02,1,1,Init,TRUE-0.0280294418334961,0.00491046905517578,FALSE,0,0
-02,1,1,Init,TRUE-9.27448272705078E-05,0.0322917699813843,FALSE,0,0
-02,1,1,Init,TRUE0.0237103700637817,0.0663442611694336,FALSE,0,0
-02,1,1,Init,TRUE0.0307998657226563,0.0541977882385254,FALSE,0,0
-02,1,1,Init,TRUE0.0368731021881104,0.0431615114212036,FALSE,0,0
-02,1,1,Init,TRUE0.110611796379089,-0.00893843173980713,FALSE,0,0
-02,1,1,Init,TRUE0.101582765579224,-0.00931131839752197,FALSE,0,0
-02,1,1,Init,TRUE0.0927612781524658,-0.00869691371917725,FALSE,0,0
-02,1,1,Init,TRUE0.0849385261535645,-0.0125091075897217,FALSE,0,0
-02,1,1,Init,TRUE0.0927478075027466,-0.03618323802948,FALSE,0,0
-02,1,1,Init,TRUE0.0557535886764526,-0.110563397407532,FALSE,0,0
-02,1,1,Init,TRUE0.0290181636810303,-0.12228798866272,FALSE,0,0
-02,1,1,Init,TRUE0.0322111845016479,-0.0977898836135864,FALSE,0,0
-02,1,1,Init,TRUE0.0370849370956421,-0.0752440690994263,FALSE,0,0
-02,1,1,Init,TRUE0.0381224155426025,-0.0592246055603027,FALSE,0,0
-02,1,1,Init,TRUE0.0949169397354126,-0.0460398197174072,FALSE,0,0
-02,1,1,Init,TRUE0.0802267789840698,-0.0326828956604004,FALSE,0,0
-02,1,1,Init,TRUE0.0758981704711914,-0.0232748985290527,FALSE,0,0
-02,1,1,Init,TRUE0.136326432228088,0.0119121074676514,FALSE,0,0
-02,1,1,Init,TRUE0.135661602020264,0.0456017255783081,FALSE,0,0
-02,1,1,Init,TRUE0.111986517906189,0.0428752899169922,FALSE,0,0
-02,1,1,Init,TRUE0.090786337852478,0.0378830432891846,FALSE,0,0
-02,1,1,Init,TRUE0.175972819328308,0.0567138195037842,FALSE,0,0
-02,1,1,Init,TRUE0.242889940738678,0.070155143737793,FALSE,0,0
-02,1,1,Init,TRUE0.415692448616028,0.134823560714722,FALSE,0,0
-02,1,1,Init,TRUE0.377718865871429,0.119656920433044,FALSE,0,0
-02,1,1,Init,TRUE0.339730501174927,0.101970195770264,FALSE,0,0
-02,1,1,Init,TRUE0.314905285835266,0.0877861976623535,FALSE,0,0
-02,1,1,Init,TRUE0.303869009017944,0.0765150785446167,FALSE,0,0
-02,1,1,Init,TRUE0.295872718095779,0.0608700513839722,FALSE,0,0
-02,1,1,Init,TRUE0.297579854726791,0.0450085401535034,FALSE,0,0
-02,1,1,Init,TRUE0.298765033483505,0.0321223735809326,FALSE,0,0
-02,1,1,Init,TRUE0.297873735427856,0.0195486545562744,FALSE,0,0
-02,1,1,Init,TRUE0.295507699251175,0.00864088535308838,FALSE,0,0
-02,1,1,Init,TRUE0.288297593593597,0.00265812873840332,FALSE,0,0
-02,1,1,Init,TRUE0.280431285500526,4.17232513427734E-05,FALSE,0,0
-02,1,1,Init,TRUE0.269398033618927,-0.000588297843933105,FALSE,0,0
-02,1,1,Init,TRUE0.25914128869772,-0.000705599784851074,FALSE,0,0
-02,1,1,Init,TRUE0.239580020308495,-4.41074371337891E-06,FALSE,0,0
-02,1,1,Init,TRUE0.21832449734211,-0.000396370887756348,FALSE,0,0
-02,1,1,Init,TRUE0.194520562887192,-0.00524425506591797,FALSE,0,0
-02,1,1,Init,TRUE0.166698217391968,-0.0172944068908691,FALSE,0,0
-02,1,1,Init,TRUE0.146354958415031,-0.0279996395111084,FALSE,0,0
-02,1,1,Init,TRUE0.136327907443047,-0.0339891910552979,FALSE,0,0
-02,1,1,Init,TRUE0.126577943563461,-0.0368753671646118,FALSE,0,0
-02,1,1,Init,TRUE0.13217605650425,-0.0451856851577759,FALSE,0,0
-02,1,1,Init,TRUE0.122917678207159,-0.0387111902236938,FALSE,0,0
-02,1,1,Init,TRUE0.189500611275434,-0.0665864944458008,FALSE,0,0
-02,1,1,Init,TRUE0.186569582670927,-0.0693566799163818,FALSE,0,0
-02,1,1,Init,TRUE0.178340684622526,-0.0664583444595337,FALSE,0,0
-02,1,1,Init,TRUE0.157336175441742,-0.0554013252258301,FALSE,0,0
-02,1,1,Init,TRUE0.129953622817993,-0.0378751754760742,FALSE,0,0
-02,1,1,Init,TRUE0.102252259850502,0.0123927593231201,FALSE,0,0
-02,1,1,Init,TRUE0.0862398445606232,0.0324509143829346,FALSE,0,0
-02,1,1,Init,TRUE0.0770238190889359,0.0454044342041016,FALSE,0,0
-02,1,1,Init,TRUE0.0872761309146881,0.0558032989501953,FALSE,0,0
-02,1,1,Init,TRUE0.0838937759399414,0.056286096572876,FALSE,0,0
-02,1,1,Init,TRUE0.0163586586713791,0.150249838829041,FALSE,0,0
-02,1,1,Init,TRUE-0.0037483274936676,0.111037492752075,FALSE,0,0
-02,1,1,Init,TRUE-0.0203733146190643,0.0800372362136841,FALSE,0,0
-02,1,1,Init,TRUE-0.0310308188199997,0.0535495281219482,FALSE,0,0
-02,1,1,Init,TRUE-0.0375309884548187,0.0316588878631592,FALSE,0,0
-02,1,1,Init,TRUE-0.0384315550327301,0.0140018463134766,FALSE,0,0
-02,1,1,Init,TRUE-0.038180023431778,-8.0108642578125E-05,FALSE,0,0
-02,1,1,Init,TRUE-0.0372933596372604,-0.0115816593170166,FALSE,0,0
-02,1,1,Init,TRUE-0.0357361435890198,-0.0200052261352539,FALSE,0,0
-02,1,1,Init,TRUE-0.0353084802627563,-0.0275862216949463,FALSE,0,0
-02,1,1,Init,TRUE-0.103805378079414,-0.123897910118103,FALSE,0,0
-02,1,1,Init,TRUE-0.0999228358268738,-0.119708061218262,FALSE,0,0
-02,1,1,Init,TRUE-0.0980932340025902,-0.115831971168518,FALSE,0,0
-02,1,1,Init,TRUE-0.0969153717160225,-0.113944530487061,FALSE,0,0
-02,1,1,Init,TRUE-0.0960747227072716,-0.115581512451172,FALSE,0,0
-02,1,1,Init,TRUE-0.0931354239583015,-0.114868998527527,FALSE,0,0
-02,1,1,Init,TRUE-0.0863365903496742,-0.105623602867126,FALSE,0,0
-02,1,1,Init,TRUE-0.0774730667471886,-0.0986312627792358,FALSE,0,0
-02,1,1,Init,TRUE-0.0693787410855293,-0.0893521308898926,FALSE,0,0
-02,1,1,Init,TRUE-0.0633421568199992,-0.0788930654525757,FALSE,0,0
-02,1,1,Init,TRUE-0.0597228398546577,-0.0670061111450195,FALSE,0,0
-02,1,1,Init,TRUE-0.0566958896815777,-0.0590357780456543,FALSE,0,0
-02,1,1,Init,TRUE-0.0553333833813667,-0.0541830062866211,FALSE,0,0
-02,1,1,Init,TRUE-0.0534056760370731,-0.0522201061248779,FALSE,0,0
-02,1,1,Init,TRUE-0.0612194314599037,-0.0617185831069946,FALSE,0,0
-02,1,1,Init,TRUE-0.0601369552314281,-0.0576567649841309,FALSE,0,0
-02,1,1,Init,TRUE-0.062895230948925,-0.0530980825424194,FALSE,0,0
-02,1,1,Init,TRUE-0.0666148960590363,-0.0512235164642334,FALSE,0,0
-02,1,1,Init,TRUE-0.0676393583416939,-0.050310492515564,FALSE,0,0
-02,1,1,Init,TRUE-0.0648141354322433,-0.0492099523544312,FALSE,0,0
-02,1,1,Init,TRUE-0.0575406774878502,-0.0471841096878052,FALSE,0,0
-02,1,1,Init,TRUE-0.0499187409877777,-0.0409401655197144,FALSE,0,0
-02,1,1,Init,TRUE-0.0372433662414551,-0.0272821187973022,FALSE,0,0
-02,1,1,Init,TRUE-0.0296220481395721,-0.017720103263855,FALSE,0,0
-02,1,1,Init,TRUE-0.0264748781919479,-0.00949323177337646,FALSE,0,0
-02,1,1,Init,TRUE-0.0280065089464188,0.0127866268157959,FALSE,0,0
-02,1,1,Init,TRUE-0.0273890495300293,0.0228115320205688,FALSE,0,0
-02,1,1,Init,TRUE-0.0281241685152054,0.0282800197601318,FALSE,0,0
-02,1,1,Init,TRUE-0.0294768065214157,0.0336072444915771,FALSE,0,0
-02,1,1,Init,TRUE-0.0323633402585983,0.045301079750061,FALSE,0,0
-02,1,1,Init,TRUE-0.0345287173986435,0.0580497980117798,FALSE,0,0
-02,1,1,Init,TRUE-0.0342162698507309,0.0690838098526001,FALSE,0,0
-02,1,1,Init,TRUE-0.0337870121002197,0.0812898874282837,FALSE,0,0
-02,1,1,Init,TRUE-0.0308004766702652,0.0884940624237061,FALSE,0,0
-02,1,1,Init,TRUE-0.0279405266046524,0.0909851789474487,FALSE,0,0
-02,1,1,Init,TRUE-0.0262771248817444,0.088361382484436,FALSE,0,0
-02,1,1,Init,TRUE-0.0227640867233276,0.0780766010284424,FALSE,0,0
-02,1,1,Init,TRUE-0.0238659828901291,0.0783262252807617,FALSE,0,0
-02,1,1,Init,TRUE-0.0209053754806519,0.065604567527771,FALSE,0,0
-02,1,1,Init,TRUE-0.0172049701213837,0.0520472526550293,FALSE,0,0
-02,1,1,Init,TRUE-0.012220710515976,0.0368447303771973,FALSE,0,0
-02,1,1,Init,TRUE-0.0093122124671936,0.0287848711013794,FALSE,0,0
-02,1,1,Init,TRUE-0.0071096271276474,0.0248926877975464,FALSE,0,0
-02,1,1,Init,TRUE-0.000245541334152222,0.0327538251876831,FALSE,0,0
-02,1,1,Init,TRUE0.206106044352055,0.164472460746765,FALSE,0,0
-02,1,1,Init,TRUE0.155607081949711,0.12185263633728,FALSE,0,0
-02,1,1,Init,TRUE0.141873739659786,0.107669353485107,FALSE,0,0
-02,1,1,Init,TRUE0.12332758307457,0.0888818502426147,FALSE,0,0
-02,1,1,Init,TRUE0.111217550933361,0.0741933584213257,FALSE,0,0
-02,1,1,Init,TRUE0.100172765552998,0.0611720085144043,FALSE,0,0
-02,1,1,Init,TRUE0.127253465354443,0.0562000274658203,FALSE,0,0
-02,1,1,Init,TRUE0.117961332201958,0.0500078201293945,FALSE,0,0
-02,1,1,Init,TRUE0.133489601314068,0.0564022064208984,FALSE,0,0
-02,1,1,Init,TRUE0.114073507487774,0.0488443374633789,FALSE,0,0
-02,1,1,Init,TRUE0.11508674826473,0.0512433052062988,FALSE,0,0
-02,1,1,Init,TRUE0.107871159911156,0.0507938861846924,FALSE,0,0
-02,1,1,Init,TRUE0.0978964194655418,0.0468237400054932,FALSE,0,0
-02,1,1,Init,TRUE0.0866503417491913,0.038355827331543,FALSE,0,0
-02,1,1,Init,TRUE0.0749222859740257,0.0302088260650635,FALSE,0,0
-02,1,1,Init,TRUE0.0644027516245842,0.0207526683807373,FALSE,0,0
-02,1,1,Init,TRUE0.0524399951100349,0.0139381885528564,FALSE,0,0
-02,1,1,Init,TRUE0.0334860235452652,0.00256705284118652,FALSE,0,0
-02,1,1,Init,TRUE0.0218780338764191,-0.00208306312561035,FALSE,0,0
-02,1,1,Init,TRUE-0.0210036337375641,-0.0238192081451416,FALSE,0,0
-02,1,1,Init,TRUE-0.0252650678157806,-0.0227560997009277,FALSE,0,0
-02,1,1,Init,TRUE-0.0253486409783363,-0.019458532333374,FALSE,0,0
-02,1,1,Init,TRUE-0.0367517843842506,-0.0373950004577637,FALSE,0,0
-02,1,1,Init,TRUE-0.0312548354268074,-0.029522180557251,FALSE,0,0
-02,1,1,Init,TRUE-0.0728274434804916,-0.00731968879699707,FALSE,0,0
-02,1,1,Init,TRUE-0.0664795935153961,-0.00235986709594727,FALSE,0,0
-02,1,1,Init,TRUE-0.071747824549675,0.000368356704711914,FALSE,0,0
-02,1,1,Init,TRUE-0.0695756152272224,0.0034332275390625,FALSE,0,0
-02,1,1,Init,TRUE-0.0659933723509312,0.00476217269897461,FALSE,0,0
-02,1,1,Init,TRUE-0.0594857521355152,0.0065610408782959,FALSE,0,0
-02,1,1,Init,TRUE-0.0507942736148834,0.00859618186950684,FALSE,0,0
-02,1,1,Init,TRUE-0.0431214272975922,0.0137450695037842,FALSE,0,0
-02,1,1,Init,TRUE-0.0389171149581671,0.0166909694671631,FALSE,0,0
-02,1,1,Init,TRUE-0.0449496577493846,0.0215764045715332,FALSE,0,0
-02,1,1,Init,TRUE-0.0491296579129994,0.0216622352600098,FALSE,0,0
-02,1,1,Init,TRUE-0.0649481937289238,0.0191249847412109,FALSE,0,0
-02,1,1,Init,TRUE-0.0630228035151958,0.0116481781005859,FALSE,0,0
-02,1,1,Init,TRUE-0.0563565641641617,0.00772833824157715,FALSE,0,0
-02,1,1,Init,TRUE-0.0555964633822441,0.00220584869384766,FALSE,0,0
-02,1,1,Init,TRUE-0.0493108332157135,-0.00126981735229492,FALSE,0,0
-02,1,1,Init,TRUE-0.0414262637495995,-0.002044677734375,FALSE,0,0
-02,1,1,Init,TRUE-0.0346954986453056,-0.00187873840332031,FALSE,0,0
-02,1,1,Init,TRUE-0.0285830721259117,-0.000981330871582031,FALSE,0,0
-02,1,1,Init,TRUE-0.0210798680782318,-0.0122241973876953,FALSE,0,0
-02,1,1,Init,TRUE-0.00221782922744751,-0.0412580966949463,FALSE,0,0
-02,1,1,Init,TRUE0.00195050984621048,-0.0388877391815186,FALSE,0,0
-02,1,1,Init,TRUE0.00417709350585938,-0.0438621044158936,FALSE,0,0
-02,1,1,Init,TRUE0.00461623072624207,-0.042212963104248,FALSE,0,0
-02,1,1,Init,TRUE0.0126339718699455,-0.042844295501709,FALSE,0,0
-02,1,1,Init,TRUE0.0126771703362465,-0.0338013172149658,FALSE,0,0
-02,1,1,Init,TRUE-0.00658655911684036,-0.0135040283203125,FALSE,0,0
-02,1,1,Init,TRUE-0.0108560472726822,-0.00881147384643555,FALSE,0,0
-02,1,1,Init,TRUE-0.0160624757409096,-0.0043790340423584,FALSE,0,0
-02,1,1,Init,FALSE0,0,TRUE,1.09137797355652,1.09137797355652
-02,1,1,Init,TRUE-0.0117476508021355,-0.00256013870239258,FALSE,0,0
-02,1,1,Init,TRUE-0.00961894541978836,-0.00199627876281738,FALSE,0,0
-02,1,1,Init,TRUE-0.00654899328947067,-0.00132608413696289,FALSE,0,0
-02,1,1,Init,FALSE0,0,TRUE,1.08290386199951,1.08290386199951
-02,1,1,Init,FALSE0,0,TRUE,1.08268070220947,1.08268070220947
-02,1,1,Init,TRUE0.00959496200084686,0.00686812400817871,FALSE,0,0
-02,1,1,Init,FALSE0,0,TRUE,1.07836675643921,1.07836675643921
-02,1,1,Init,TRUE0.0157926455140114,0.00821399688720703,FALSE,0,0
-02,1,1,Init,TRUE0.0168154463171959,0.00693345069885254,FALSE,0,0
-02,1,1,Init,TRUE0.0164661705493927,0.00618243217468262,FALSE,0,0
-02,1,1,Init,FALSE0,0,TRUE,1.05703747272491,1.05703747272491
-02,1,1,Init,TRUE0.0170566365122795,0.00565743446350098,FALSE,0,0
-02,1,1,Init,FALSE0,0,TRUE,1.04256498813629,1.04256498813629
-02,1,1,Init,TRUE0.0309676975011826,0.00176143646240234,FALSE,0,0
-02,1,1,Init,FALSE0,0,TRUE,0.955348610877991,0.955348610877991
-02,1,1,Init,FALSE0,0,TRUE,0.934277713298798,0.934277713298798
-02,1,1,Init,FALSE0,0,TRUE,0.930098533630371,0.930098533630371
-02,1,1,Init,FALSE0,0,TRUE,0.916635453701019,0.916635453701019
-02,1,1,Init,FALSE0,0,TRUE,0.912704706192017,0.912704706192017
-02,1,1,Init,TRUE-0.0123793482780457,-0.0448923110961914,FALSE,0,0
-02,1,1,Init,FALSE0,0,TRUE,0.934506118297577,0.934506118297577
-02,1,1,Init,FALSE0,0,TRUE,0.958349227905273,0.958349227905273
-02,1,1,Init,FALSE0,0,TRUE,1.00843334197998,1.00843334197998
-02,1,1,Init,FALSE0,0,TRUE,1.01110219955444,1.01110219955444
-02,1,1,Init,FALSE0,0,TRUE,1.04152059555054,1.04152059555054
-02,1,1,Init,FALSE0,0,TRUE,1.09290933609009,1.09290933609009
-02,1,1,Init,FALSE0,0,TRUE,1.08208024501801,1.08208024501801
-02,1,1,Init,FALSE0,0,TRUE,1.07466733455658,1.07466733455658
-02,1,1,Init,FALSE0,0,TRUE,1.07094609737396,1.07094609737396
-02,1,1,Init,FALSE0,0,TRUE,1.06099498271942,1.06099498271942
-02,1,1,Init,FALSE0,0,TRUE,1.03890860080719,1.03890860080719
-02,1,1,Init,FALSE0,0,TRUE,1.00477409362793,1.00477409362793
-02,1,1,Init,TRUE-0.00173806399106979,-0.0285143852233887,FALSE,0,0
-02,1,1,Init,FALSE0,0,TRUE,0.990443646907806,0.990443646907806
-02,1,1,Init,TRUE0.00289391726255417,-0.0224661827087402,FALSE,0,0
-02,1,1,Init,TRUE0.0028156191110611,-0.0158255100250244,FALSE,0,0
-02,1,1,Init,TRUE0.00336234271526337,-0.0137183666229248,FALSE,0,0
-02,1,1,Init,FALSE0,0,TRUE,0.97044962644577,0.97044962644577
-02,1,1,Init,TRUE0.0036933571100235,-0.0102818012237549,FALSE,0,0
-02,1,1,Init,FALSE0,0,TRUE,0.952033042907715,0.952033042907715
-02,1,1,Init,FALSE0,0,TRUE,0.927437663078308,0.927437663078308
-02,1,1,Init,FALSE0,0,TRUE,0.894215881824493,0.894215881824493
-02,1,1,Init,FALSE0,0,TRUE,0.894823908805847,0.894823908805847
-02,1,1,Init,FALSE0,0,TRUE,0.901219427585602,0.901219427585602
-02,1,1,Init,FALSE0,0,TRUE,0.931618750095367,0.931618750095367
-02,1,1,Init,TRUE0.0214353948831558,-0.0149931907653809,FALSE,0,0
-02,1,1,Init,FALSE0,0,TRUE,0.997590482234955,0.997590482234955
-02,1,1,Init,TRUE0.0210783034563065,-0.0167652368545532,FALSE,0,0
-02,1,1,Init,TRUE0.0156365409493446,-0.013446569442749,FALSE,0,0
-02,1,1,Init,FALSE0,0,TRUE,1.04391551017761,1.04391551017761
-02,1,1,Init,FALSE0,0,TRUE,1.11163151264191,1.11163151264191
-02,1,1,Init,FALSE0,0,TRUE,1.10076820850372,1.10076820850372
-02,1,1,Init,FALSE0,0,TRUE,1.07047474384308,1.07047474384308
-02,1,1,Init,FALSE0,0,TRUE,1.05104458332062,1.05104458332062
-02,1,1,Init,FALSE0,0,TRUE,1.00716173648834,1.00716173648834
-02,1,1,Init,TRUE0.0257588401436806,-0.00702285766601563,FALSE,0,0
-02,1,1,Init,FALSE0,0,TRUE,0.991940498352051,0.991940498352051
-02,1,1,Init,FALSE0,0,TRUE,0.962951481342316,0.962951481342316
-02,1,1,Init,FALSE0,0,TRUE,0.92630660533905,0.92630660533905
-02,1,1,Init,FALSE0,0,TRUE,0.896517813205719,0.896517813205719
-02,1,1,Init,FALSE0,0,TRUE,0.87167102098465,0.87167102098465
-02,1,1,Init,TRUE0.0478653572499752,0.0222988128662109,FALSE,0,0
-02,1,1,Init,TRUE0.0392853766679764,0.0161964893341064,FALSE,0,0
-02,1,1,Init,FALSE0,0,TRUE,0.89608907699585,0.89608907699585
-02,1,1,Init,FALSE0,0,TRUE,0.991023778915405,0.991023778915405
-02,1,1,Init,TRUE0.040722768753767,0.0147908926010132,FALSE,0,0
-02,1,1,Init,FALSE0,0,TRUE,1.02418041229248,1.02418041229248
-02,1,1,Init,FALSE0,0,TRUE,1.07952046394348,1.07952046394348
-02,1,1,Init,FALSE0,0,TRUE,1.10299503803253,1.10299503803253
-02,1,1,Init,FALSE0,0,TRUE,1.08575141429901,1.08575141429901
-02,1,1,Init,TRUE0.0151684880256653,0.00319492816925049,FALSE,0,0
-02,1,1,Init,FALSE0,0,TRUE,1.0704038143158,1.0704038143158
-02,1,1,Init,TRUE0.00863181799650192,0.00952720642089844,FALSE,0,0
-02,1,1,Init,FALSE0,0,TRUE,1.06113767623901,1.06113767623901
-02,1,1,Init,FALSE0,0,TRUE,1.03899276256561,1.03899276256561
-02,1,1,Init,FALSE0,0,TRUE,1.02388989925385,1.02388989925385
-02,1,1,Init,TRUE0.00146671570837498,0.0196547508239746,FALSE,0,0
-02,1,1,Init,FALSE0,0,TRUE,1.01723170280457,1.01723170280457
-02,1,1,Init,FALSE0,0,TRUE,1.01094031333923,1.01094031333923
-02,1,1,Init,FALSE0,0,TRUE,1.00684893131256,1.00684893131256
-02,1,1,Init,FALSE0,0,TRUE,1.0024551153183,1.0024551153183
-02,1,1,Matching,FALSE0,0,TRUE,0.998566031455994,0.998566031455994
-02,1,1,Matching,FALSE0,0,TRUE,1.00037121772766,1.00037121772766
-02,1,1,Matching,FALSE0,0,TRUE,1.00062322616577,1.00062322616577
-02,1,1,Matching,FALSE0,0,TRUE,0.992654800415039,0.992654800415039
-02,1,1,Matching,TRUE-0.00871235132217407,0.0723891258239746,FALSE,0,0
-02,1,1,Matching,FALSE0,0,TRUE,0.963193476200104,0.963193476200104
-02,1,1,Matching,FALSE0,0,TRUE,0.948806822299957,0.948806822299957
-02,1,1,Matching,FALSE0,0,TRUE,0.936916649341583,0.936916649341583
-02,1,1,Matching,FALSE0,0,TRUE,0.93904173374176,0.93904173374176
-02,1,1,Matching,FALSE0,0,TRUE,0.940577328205109,0.940577328205109
-02,1,1,Matching,FALSE0,0,TRUE,0.94252598285675,0.94252598285675
-02,1,1,Matching,FALSE0,0,TRUE,0.952826261520386,0.952826261520386
-02,1,1,Matching,FALSE0,0,TRUE,0.97117555141449,0.97117555141449
-02,1,1,Matching,FALSE0,0,TRUE,1.00312185287476,1.00312185287476
-02,1,1,Matching,TRUE0.153790209442377,0.00171470642089844,FALSE,0,0
-02,1,1,Matching,TRUE0.270464010536671,0.00386691093444824,FALSE,0,0
-02,1,1,Matching,TRUE0.308498822152615,0.00519776344299316,FALSE,0,0
-02,1,1,Matching,TRUE0.337964154779911,0.00679755210876465,FALSE,0,0
-02,1,1,Matching,TRUE0.36332693696022,0.00928592681884766,FALSE,0,0
-02,1,1,Matching,TRUE0.380608707666397,0.0101683139801025,FALSE,0,0
-02,1,1,Matching,TRUE0.375084936618805,0.0107901096343994,FALSE,0,0
-02,1,1,Matching,TRUE0.405646771192551,0.0112237930297852,FALSE,0,0
-02,1,1,Matching,TRUE0.414716154336929,0.00798273086547852,FALSE,0,0
-02,1,1,Matching,TRUE0.419433295726776,0.00331306457519531,FALSE,0,0
-02,1,1,Matching,TRUE0.416743397712708,-0.0023043155670166,FALSE,0,0
-02,1,1,Matching,TRUE0.415989756584167,-0.00857734680175781,FALSE,0,0
-02,1,1,Matching,TRUE0.410389184951782,-0.0155596733093262,FALSE,0,0
-02,1,1,Matching,TRUE0.40823370218277,-0.020395040512085,FALSE,0,0
-02,1,1,Matching,TRUE0.410834550857544,-0.0248372554779053,FALSE,0,0
-02,1,1,Matching,TRUE0.409291565418243,-0.0257902145385742,FALSE,0,0
-02,1,1,Matching,TRUE0.401164054870605,-0.0249747037887573,FALSE,0,0
-02,1,1,Matching,TRUE0.392724633216858,-0.0206774473190308,FALSE,0,0
-02,1,1,Matching,TRUE0.376357793807983,-0.016282320022583,FALSE,0,0
-02,1,1,Matching,TRUE0.357845306396484,-0.0113511085510254,FALSE,0,0
-02,1,1,Matching,TRUE0.335029482841492,-0.00935602188110352,FALSE,0,0
-02,1,1,Matching,TRUE0.311275601387024,-0.00767993927001953,FALSE,0,0
-02,1,1,Matching,TRUE0.280527114868164,-0.00768637657165527,FALSE,0,0
-02,1,1,Matching,TRUE0.261483907699585,-0.00729465484619141,FALSE,0,0
-02,1,1,Matching,TRUE0.239010810852051,-0.00639903545379639,FALSE,0,0
-02,1,1,Matching,TRUE0.223690032958984,-0.00512361526489258,FALSE,0,0
-02,1,1,Matching,TRUE0.209624171257019,-0.000792145729064941,FALSE,0,0
-02,1,1,Matching,TRUE0.194515705108643,0.00335454940795898,FALSE,0,0
-02,1,1,Matching,TRUE0.177109360694885,0.0067598819732666,FALSE,0,0
-02,1,1,Matching,TRUE0.160925507545471,0.0102078914642334,FALSE,0,0
-02,1,1,Matching,TRUE0.142318964004517,0.0108273029327393,FALSE,0,0
-02,1,1,Matching,TRUE0.010479211807251,-0.00226712226867676,FALSE,0,0
-02,1,1,Matching,TRUE-0.0406866073608398,-0.00607001781463623,FALSE,0,0
-02,1,1,Matching,TRUE-0.0917714834213257,-0.0102267265319824,FALSE,0,0
-02,1,1,Matching,TRUE-0.132075786590576,-0.0164384841918945,FALSE,0,0
-02,1,1,Matching,TRUE-0.169110298156738,-0.0199340581893921,FALSE,0,0
-02,1,1,Matching,TRUE-0.203938126564026,-0.0210567712783813,FALSE,0,0
-02,1,1,Matching,TRUE-0.240857601165771,-0.0198873281478882,FALSE,0,0
-02,1,1,Matching,TRUE-0.277734398841858,-0.0191054344177246,FALSE,0,0
-02,1,1,Matching,TRUE-0.315927028656006,-0.0189404487609863,FALSE,0,0
-02,1,1,Matching,TRUE-0.352671265602112,-0.0189743041992188,FALSE,0,0
-02,1,1,Matching,TRUE-0.373862147331238,-0.0195122957229614,FALSE,0,0
-02,1,1,Matching,TRUE-0.39795446395874,-0.0228469371795654,FALSE,0,0
-02,1,1,Matching,TRUE-0.413007020950317,-0.0256874561309814,FALSE,0,0
-02,1,1,Matching,TRUE-0.418051898479462,-0.0269637107849121,FALSE,0,0
-02,1,1,Matching,TRUE-0.416958749294281,-0.0281776189804077,FALSE,0,0
-02,1,1,Matching,TRUE-0.41743791103363,-0.0285598039627075,FALSE,0,0
-02,1,1,Matching,TRUE-0.414738893508911,-0.0284069776535034,FALSE,0,0
-02,1,1,Matching,TRUE-0.408237814903259,-0.0281976461410522,FALSE,0,0
-02,1,1,Matching,TRUE-0.399987190961838,-0.0252220630645752,FALSE,0,0
-02,1,1,Matching,TRUE-0.386073291301727,-0.0217622518539429,FALSE,0,0
-02,1,1,Matching,TRUE-0.381087899208069,-0.0185900926589966,FALSE,0,0
-02,1,1,Matching,TRUE-0.372285962104797,-0.0146329402923584,FALSE,0,0
-02,1,1,Matching,TRUE-0.364851266145706,-0.0104660987854004,FALSE,0,0
-02,1,1,Matching,TRUE-0.360566779971123,-0.00735175609588623,FALSE,0,0
-02,1,1,Matching,TRUE-0.354064494371414,-0.00562667846679688,FALSE,0,0
-02,1,1,Matching,TRUE-0.347060576081276,-0.00590038299560547,FALSE,0,0
-02,1,1,Matching,TRUE-0.332094579935074,-0.00661873817443848,FALSE,0,0
-02,1,1,Matching,TRUE-0.33088368922472,-0.00725448131561279,FALSE,0,0
-02,1,1,Matching,TRUE-0.326248027384281,-0.00699460506439209,FALSE,0,0
-02,1,1,Matching,TRUE-0.322914123535156,-0.00576663017272949,FALSE,0,0
-02,1,1,Matching,TRUE-0.316825598478317,-0.00502610206604004,FALSE,0,0
-02,1,1,Matching,TRUE-0.309712644666433,-0.00439739227294922,FALSE,0,0
-02,1,1,Matching,TRUE-0.308508772403002,-0.00505053997039795,FALSE,0,0
-02,1,1,Matching,TRUE-0.300001502037048,-0.00729894638061523,FALSE,0,0
-02,1,1,Matching,TRUE-0.290964603424072,-0.00953662395477295,FALSE,0,0
-02,1,1,Matching,TRUE-0.281630992889404,-0.0121031999588013,FALSE,0,0
-02,1,1,Matching,TRUE-0.271685242652893,-0.0142065286636353,FALSE,0,0
-02,1,1,Matching,TRUE-0.26101490855217,-0.0160911083221436,FALSE,0,0
-02,1,1,Matching,TRUE-0.251414567232132,-0.0170928239822388,FALSE,0,0
-02,1,1,Matching,TRUE-0.239786565303802,-0.0187845230102539,FALSE,0,0
-02,1,1,Matching,TRUE-0.224102079868317,-0.0189048051834106,FALSE,0,0
-02,1,1,Matching,TRUE-0.202626824378967,-0.0187159776687622,FALSE,0,0
-02,1,1,Matching,TRUE-0.179847121238709,-0.0171802043914795,FALSE,0,0
-02,1,1,Matching,TRUE-0.164843499660492,-0.0157678127288818,FALSE,0,0
-02,1,1,Matching,TRUE-0.157159805297852,-0.0195660591125488,FALSE,0,0
-02,1,1,Matching,TRUE-0.014825701713562,-0.0310666561126709,FALSE,0,0
-02,1,1,Matching,TRUE0.00811505317687988,-0.0276337862014771,FALSE,0,0
-02,1,1,Matching,TRUE0.0261371731758118,-0.0238263607025146,FALSE,0,0
-02,1,1,Matching,TRUE0.0420506596565247,-0.0205783843994141,FALSE,0,0
-02,1,1,Matching,TRUE0.056152880191803,-0.0178617238998413,FALSE,0,0
-02,1,1,Matching,TRUE0.178036898374558,-0.0189625024795532,FALSE,0,0
-02,1,1,Matching,TRUE0.176439970731735,-0.0159511566162109,FALSE,0,0
-02,1,1,Matching,TRUE0.218422651290894,-0.0140595436096191,FALSE,0,0
-02,1,1,Matching,TRUE0.220124065876007,-0.0108890533447266,FALSE,0,0
-02,1,1,Matching,TRUE0.216620072722435,-0.00710463523864746,FALSE,0,0
-02,1,1,Matching,TRUE0.206890776753426,-0.00443375110626221,FALSE,0,0
-02,1,1,Matching,TRUE0.193617314100266,-0.00379788875579834,FALSE,0,0
-02,1,1,Matching,TRUE0.175866395235062,-0.00412297248840332,FALSE,0,0
-02,1,1,Matching,TRUE0.154286801815033,-0.00578010082244873,FALSE,0,0
-02,1,1,Matching,TRUE0.130514353513718,-0.00599420070648193,FALSE,0,0
-02,1,1,Matching,TRUE0.109658688306808,-0.00700664520263672,FALSE,0,0
-02,1,1,Matching,TRUE0.0895444005727768,-0.00607049465179443,FALSE,0,0
-02,1,1,Matching,TRUE0.0730755180120468,-0.00461804866790771,FALSE,0,0
-02,1,1,Matching,TRUE0.0510891228914261,-0.00187718868255615,FALSE,0,0
-02,1,1,Matching,TRUE0.0119164437055588,-0.0108339786529541,FALSE,0,0
-02,1,1,Matching,TRUE-0.0229877680540085,-0.0182496309280396,FALSE,0,0
-02,1,1,Matching,TRUE-0.0552464127540588,-0.00675415992736816,FALSE,0,0
-02,1,1,Matching,TRUE-0.118705153465271,-0.0241581201553345,FALSE,0,0
-02,1,1,Matching,TRUE-0.13066178560257,-0.0177940130233765,FALSE,0,0
-02,1,1,Matching,TRUE-0.146806001663208,-0.0117412805557251,FALSE,0,0
-02,1,1,Matching,TRUE-0.208656489849091,-0.00101101398468018,FALSE,0,0
-02,1,1,Matching,TRUE-0.367776691913605,0.0225155353546143,FALSE,0,0
-02,1,1,Matching,TRUE-0.375851690769196,0.0286462306976318,FALSE,0,0
-02,1,1,Matching,TRUE-0.388743996620178,0.0368443727493286,FALSE,0,0
-02,1,1,Matching,TRUE-0.405844390392303,0.0475918054580688,FALSE,0,0
-02,1,1,Matching,TRUE-0.423585653305054,0.0609313249588013,FALSE,0,0
-02,1,1,Matching,TRUE-0.446056663990021,0.0741695165634155,FALSE,0,0
-02,1,1,Matching,TRUE-0.466319620609283,0.0829781293869019,FALSE,0,0
-02,1,1,Matching,TRUE-0.486805081367493,0.0856262445449829,FALSE,0,0
-02,1,1,Matching,TRUE-0.495192050933838,0.0821131467819214,FALSE,0,0
-02,1,1,Matching,TRUE-0.49281895160675,0.072920560836792,FALSE,0,0
-02,1,1,Matching,TRUE-0.480946779251099,0.0613118410110474,FALSE,0,0
-02,1,1,Matching,TRUE-0.472602486610413,0.0526413917541504,FALSE,0,0
-02,1,1,Matching,TRUE-0.460390567779541,0.0476616621017456,FALSE,0,0
-02,1,1,Matching,TRUE-0.442762017250061,0.0450553894042969,FALSE,0,0
-02,1,1,Matching,TRUE-0.440788388252258,0.0430059432983398,FALSE,0,0
-02,1,1,Matching,TRUE-0.42956018447876,0.0393619537353516,FALSE,0,0
-02,1,1,Matching,TRUE-0.411466836929321,0.0321731567382813,FALSE,0,0
-02,1,1,Matching,TRUE-0.388521313667297,0.02510666847229,FALSE,0,0
-02,1,1,Matching,TRUE-0.370730400085449,0.0204212665557861,FALSE,0,0
-02,1,1,Matching,TRUE-0.348009943962097,0.0180220603942871,FALSE,0,0
-02,1,1,Matching,TRUE-0.330715298652649,0.0160979032516479,FALSE,0,0
-02,1,1,Matching,TRUE-0.318334341049194,0.0148416757583618,FALSE,0,0
-02,1,1,Matching,TRUE-0.304380655288696,0.0137155055999756,FALSE,0,0
-02,1,1,Matching,TRUE-0.290057897567749,0.0115728378295898,FALSE,0,0
-02,1,1,Matching,TRUE-0.280997276306152,0.0126340389251709,FALSE,0,0
-02,1,1,Matching,TRUE-0.276142597198486,0.0157418251037598,FALSE,0,0
-02,1,1,Matching,TRUE-0.267423391342163,0.0189123153686523,FALSE,0,0
-02,1,1,Matching,TRUE-0.25750994682312,0.0229396820068359,FALSE,0,0
-02,1,1,Matching,TRUE-0.245578289031982,0.0249016284942627,FALSE,0,0
-02,1,1,Matching,TRUE-0.230053424835205,0.0248122215270996,FALSE,0,0
-02,1,1,Matching,TRUE-0.220771551132202,0.0243926048278809,FALSE,0,0
-02,1,1,Matching,TRUE-0.205504894256592,0.0227255821228027,FALSE,0,0
-02,1,1,Matching,TRUE-0.189404010772705,0.0201330184936523,FALSE,0,0
-02,1,1,Matching,TRUE-0.17204213142395,0.0151505470275879,FALSE,0,0
-02,1,1,Matching,TRUE-0.158401966094971,0.00931859016418457,FALSE,0,0
-02,1,1,Matching,TRUE-0.141139268875122,0.00368165969848633,FALSE,0,0
-02,1,1,Matching,TRUE-0.128570556640625,0.001220703125,FALSE,0,0
-02,1,1,Matching,TRUE-0.116242647171021,-0.000380277633666992,FALSE,0,0
-02,1,1,Matching,TRUE0.0850610733032227,-0.0492169857025146,FALSE,0,0
-02,1,1,Matching,TRUE0.0941464900970459,-0.0410183668136597,FALSE,0,0
-02,1,1,Matching,TRUE0.104711771011353,-0.0352126359939575,FALSE,0,0
-02,1,1,Matching,TRUE0.114574909210205,-0.0310150384902954,FALSE,0,0
-02,1,1,Matching,TRUE0.128481388092041,-0.0285511016845703,FALSE,0,0
-02,1,1,Matching,TRUE0.139532566070557,-0.0254251956939697,FALSE,0,0
-02,1,1,Matching,TRUE0.152946949005127,-0.0225739479064941,FALSE,0,0
-02,1,1,Matching,TRUE0.168385028839111,-0.0197677612304688,FALSE,0,0
-02,1,1,Matching,TRUE0.184645414352417,-0.017037034034729,FALSE,0,0
-02,1,1,Matching,TRUE0.207127809524536,-0.0159387588500977,FALSE,0,0
-02,1,1,Matching,TRUE0.222302436828613,-0.0135723352432251,FALSE,0,0
-02,1,1,Matching,TRUE0.253175973892212,-0.0120697021484375,FALSE,0,0
-02,1,1,Matching,TRUE0.284959077835083,-0.0116382837295532,FALSE,0,0
-02,1,1,Matching,TRUE0.32723343372345,-0.0102113485336304,FALSE,0,0
-02,1,1,Matching,TRUE0.376812934875488,-0.00884044170379639,FALSE,0,0
-02,1,1,Matching,TRUE0.429030895233154,-0.00614333152770996,FALSE,0,0
-02,1,1,Matching,TRUE0.461484551429749,-0.00298452377319336,FALSE,0,0
-02,1,1,Matching,TRUE0.485700368881226,-0.00168228149414063,FALSE,0,0
-02,1,1,Matching,TRUE0.500977158546448,-0.00203955173492432,FALSE,0,0
-02,1,1,Matching,TRUE0.522087097167969,-0.00756847858428955,FALSE,0,0
-02,1,1,Matching,TRUE0.537640333175659,-0.0158120393753052,FALSE,0,0
-02,1,1,Matching,TRUE0.541211128234863,-0.0255692005157471,FALSE,0,0
-02,1,1,Matching,TRUE0.536755681037903,-0.0342694520950317,FALSE,0,0
-02,1,1,Matching,TRUE0.519098281860352,-0.0389493703842163,FALSE,0,0
-02,1,1,Matching,TRUE0.507315993309021,-0.0453431606292725,FALSE,0,0
-02,1,1,Matching,TRUE0.486116528511047,-0.0519877672195435,FALSE,0,0
-02,1,1,Matching,TRUE0.469682097434998,-0.0589613914489746,FALSE,0,0
-02,1,1,Matching,TRUE0.468203604221344,-0.0715624094009399,FALSE,0,0
-02,1,1,Matching,TRUE0.462111800909042,-0.0819833278656006,FALSE,0,0
-02,1,1,Matching,TRUE0.447944641113281,-0.08774733543396,FALSE,0,0
-02,1,1,Matching,TRUE0.42536598443985,-0.0879899263381958,FALSE,0,0
-02,1,1,Matching,TRUE0.398085474967957,-0.0867924690246582,FALSE,0,0
-02,1,1,Matching,TRUE0.372178971767426,-0.0843721628189087,FALSE,0,0
-02,1,1,Matching,TRUE0.349734127521515,-0.0857882499694824,FALSE,0,0
-02,1,1,Matching,TRUE0.33206532895565,-0.0900009870529175,FALSE,0,0
-02,1,1,Matching,TRUE0.318504936993122,-0.0957449674606323,FALSE,0,0
-02,1,1,Matching,TRUE0.306586049497128,-0.098172664642334,FALSE,0,0
-02,1,1,Matching,TRUE0.295827798545361,-0.0961078405380249,FALSE,0,0
-02,1,1,Matching,TRUE0.280298367142677,-0.0885496139526367,FALSE,0,0
-02,1,1,Matching,TRUE0.261855468153954,-0.0755933523178101,FALSE,0,0
-02,1,1,Matching,TRUE0.244069173932076,-0.0642552375793457,FALSE,0,0
-02,1,1,Matching,TRUE0.248189568519592,-0.0600029230117798,FALSE,0,0
-02,1,1,Matching,TRUE0.22785010933876,-0.0562081336975098,FALSE,0,0
-02,1,1,Matching,TRUE0.209248226135969,-0.0536288022994995,FALSE,0,0
-02,1,1,Matching,TRUE0.191817227751017,-0.0500756502151489,FALSE,0,0
-02,1,1,Matching,TRUE0.18149658292532,-0.0455808639526367,FALSE,0,0
-02,1,1,Matching,TRUE0.169256404042244,-0.0389225482940674,FALSE,0,0
-02,1,1,Matching,TRUE0.157090343534946,-0.0313601493835449,FALSE,0,0
-02,1,1,Matching,TRUE0.14416079223156,-0.0266956090927124,FALSE,0,0
-02,1,1,Matching,TRUE0.126828730106354,-0.0235346555709839,FALSE,0,0
-02,1,1,Matching,TRUE0.104110509157181,-0.0202572345733643,FALSE,0,0
-02,1,1,Matching,TRUE0.0844352245330811,-0.0194360017776489,FALSE,0,0
-02,1,1,Matching,TRUE0.0597730875015259,-0.0156875848770142,FALSE,0,0
-02,1,1,Matching,TRUE0.0427893698215485,-0.0130599737167358,FALSE,0,0
-02,1,1,Matching,TRUE-0.0307291448116302,0.000474095344543457,FALSE,0,0
-02,1,1,Matching,TRUE-0.0600566118955612,0.00534737110137939,FALSE,0,0
-02,1,1,Matching,TRUE-0.063318207859993,0.00720775127410889,FALSE,0,0
-02,1,1,Matching,TRUE-0.0666457116603851,0.0111408233642578,FALSE,0,0
-02,1,1,Matching,TRUE-0.0704300999641418,0.0166248083114624,FALSE,0,0
-02,1,1,Matching,TRUE-0.0767689943313599,0.0233793258666992,FALSE,0,0
-02,1,1,Matching,TRUE-0.0855446755886078,0.0312288999557495,FALSE,0,0
-02,1,1,Matching,TRUE-0.0956740975379944,0.0381579399108887,FALSE,0,0
-02,1,1,Matching,TRUE-0.106570571660995,0.0432195663452148,FALSE,0,0
-02,1,1,Matching,TRUE-0.114880628883839,0.0460960865020752,FALSE,0,0
-02,1,1,Matching,TRUE-0.166186980903149,0.0627342462539673,FALSE,0,0
-02,1,1,Matching,TRUE-0.187328979372978,0.0666009187698364,FALSE,0,0
-02,1,1,Matching,TRUE-0.208230312913656,0.0686269998550415,FALSE,0,0
-02,1,1,Matching,TRUE-0.433082673698664,0.106846332550049,FALSE,0,0
-02,1,1,Matching,TRUE-0.456631287932396,0.105054140090942,FALSE,0,0
-02,1,1,Matching,TRUE-0.48345935344696,0.105180263519287,FALSE,0,0
-02,1,1,Matching,TRUE-0.509665340185165,0.104802250862122,FALSE,0,0
-02,1,1,Matching,TRUE-0.540608137845993,0.103468894958496,FALSE,0,0
-02,1,1,Matching,TRUE-0.566109210252762,0.101763606071472,FALSE,0,0
-02,1,1,Matching,TRUE-0.581653416156769,0.0983060598373413,FALSE,0,0
-02,1,1,Matching,TRUE-0.594165921211243,0.0947755575180054,FALSE,0,0
-02,1,1,Matching,TRUE-0.601889133453369,0.0912381410598755,FALSE,0,0
-02,1,1,Matching,TRUE-0.599304616451263,0.0874636173248291,FALSE,0,0
-02,1,1,Matching,TRUE-0.592442989349365,0.0842084884643555,FALSE,0,0
-02,1,1,Matching,TRUE-0.584569096565247,0.0790941715240479,FALSE,0,0
-02,1,1,Matching,TRUE-0.573747277259827,0.0748776197433472,FALSE,0,0
-02,1,1,Matching,TRUE-0.555482625961304,0.0683685541152954,FALSE,0,0
-02,1,1,Matching,TRUE-0.522770762443542,0.0606478452682495,FALSE,0,0
-02,1,1,Matching,TRUE-0.503566861152649,0.0557923316955566,FALSE,0,0
-02,1,1,Matching,TRUE-0.470276951789856,0.0492150783538818,FALSE,0,0
-02,1,1,Matching,TRUE-0.438587546348572,0.0429947376251221,FALSE,0,0
-02,1,1,Matching,TRUE-0.40872585773468,0.0384509563446045,FALSE,0,0
-02,1,1,Matching,TRUE-0.374640583992004,0.0321093797683716,FALSE,0,0
-02,1,1,Matching,TRUE-0.34018874168396,0.0259933471679688,FALSE,0,0
-02,1,1,Matching,TRUE-0.307029485702515,0.0179331302642822,FALSE,0,0
-02,1,1,Matching,TRUE-0.27656078338623,0.0109579563140869,FALSE,0,0
-02,1,1,Matching,TRUE-0.240490436553955,0.00444340705871582,FALSE,0,0
-02,1,1,Matching,TRUE-0.198495626449585,-2.47955322265625E-05,FALSE,0,0
-02,1,1,Matching,TRUE-0.164560079574585,-0.0020911693572998,FALSE,0,0
-02,1,1,Matching,TRUE-0.130355596542358,-0.00305962562561035,FALSE,0,0
-02,1,1,Matching,TRUE-0.0991058349609375,-0.00190401077270508,FALSE,0,0
-02,1,1,Matching,TRUE0.0565474033355713,0.0119454860687256,FALSE,0,0
-02,1,1,Matching,TRUE0.0699393749237061,0.0115094184875488,FALSE,0,0
-02,1,1,Matching,TRUE0.085690975189209,0.0109202861785889,FALSE,0,0
-02,1,1,Matching,TRUE0.103477716445923,0.0096733570098877,FALSE,0,0
-02,1,1,Matching,TRUE0.122494220733643,0.0088508129119873,FALSE,0,0
-02,1,1,Matching,TRUE0.144206285476685,0.00847935676574707,FALSE,0,0
-02,1,1,Matching,TRUE0.164509773254395,0.00890660285949707,FALSE,0,0
-02,1,1,Matching,TRUE0.17914342880249,0.00893712043762207,FALSE,0,0
-02,1,1,Matching,TRUE0.188076138496399,0.00964093208312988,FALSE,0,0
-02,1,1,Matching,TRUE0.194861173629761,0.0101418495178223,FALSE,0,0
-02,1,1,Matching,TRUE0.204775333404541,0.011427640914917,FALSE,0,0
-02,1,1,Matching,TRUE0.222799062728882,0.0105812549591064,FALSE,0,0
-02,1,1,Matching,TRUE0.243852376937866,0.00658464431762695,FALSE,0,0
-02,1,1,Matching,TRUE0.268687605857849,0.00151157379150391,FALSE,0,0
-02,1,1,Matching,TRUE0.294239401817322,-0.0016477108001709,FALSE,0,0
-02,1,1,Matching,TRUE0.328686118125916,-0.00543880462646484,FALSE,0,0
-02,1,1,Matching,TRUE0.348125100135803,-0.00684022903442383,FALSE,0,0
-02,1,1,Matching,TRUE0.369703531265259,-0.00796127319335938,FALSE,0,0
-02,1,1,Matching,TRUE0.389391779899597,-0.0114030838012695,FALSE,0,0
-02,1,1,Matching,TRUE0.407235383987427,-0.0160119533538818,FALSE,0,0
-02,1,1,Matching,TRUE0.42687201499939,-0.0221757888793945,FALSE,0,0
-02,1,1,Matching,TRUE0.448469996452332,-0.0299336910247803,FALSE,0,0
-02,1,1,Matching,TRUE0.469823479652405,-0.041168212890625,FALSE,0,0
-02,1,1,Matching,TRUE0.476371824741364,-0.0511236190795898,FALSE,0,0
-02,1,1,Matching,TRUE0.486803889274597,-0.0642826557159424,FALSE,0,0
-02,1,1,Matching,TRUE0.483186185359955,-0.0774732828140259,FALSE,0,0
-02,1,1,Matching,TRUE0.474664479494095,-0.0927761793136597,FALSE,0,0
-02,1,1,Matching,TRUE0.464105367660522,-0.105829834938049,FALSE,0,0
-02,1,1,Matching,TRUE0.455500245094299,-0.121739506721497,FALSE,0,0
-02,1,1,Matching,TRUE0.443633288145065,-0.131550669670105,FALSE,0,0
-02,1,1,Matching,TRUE0.427373588085175,-0.137311935424805,FALSE,0,0
-02,1,1,Matching,TRUE0.420137107372284,-0.147355198860168,FALSE,0,0
-02,1,1,Matching,TRUE0.390311904251575,-0.148230671882629,FALSE,0,0
-02,1,1,Matching,TRUE0.357789188623428,-0.148902177810669,FALSE,0,0
-02,1,1,Matching,TRUE0.321432814002037,-0.149951577186584,FALSE,0,0
-02,1,1,Matching,TRUE0.289497926831245,-0.149224996566772,FALSE,0,0
-02,1,1,Matching,TRUE0.264269977807999,-0.146232843399048,FALSE,0,0
-02,1,1,Matching,TRUE0.234799668192863,-0.134883284568787,FALSE,0,0
-02,1,1,Matching,TRUE0.201515316963196,-0.116442203521729,FALSE,0,0
-02,1,1,Matching,TRUE0.170820847153664,-0.0970361232757568,FALSE,0,0
-02,1,1,Matching,TRUE0.137268990278244,-0.0791419744491577,FALSE,0,0
-02,1,1,Matching,TRUE0.106051007285714,-0.0647283792495728,FALSE,0,0
-02,1,1,Matching,TRUE0.0782061778008938,-0.0542114973068237,FALSE,0,0
-02,1,1,Matching,TRUE-0.00752491503953934,-0.00669610500335693,FALSE,0,0
-02,1,1,Matching,TRUE-0.033915288746357,0.0265718698501587,FALSE,0,0
-02,1,1,Matching,TRUE-0.0457885935902596,0.0514321327209473,FALSE,0,0
-02,1,1,Matching,TRUE-0.040524248033762,0.0516364574432373,FALSE,0,0
-02,1,1,Matching,TRUE-0.0359224919229746,0.0504789352416992,FALSE,0,0
-02,1,1,Matching,TRUE-0.0430882554501295,0.0662423372268677,FALSE,0,0
-02,1,1,Matching,TRUE-0.0413924716413021,0.0614352226257324,FALSE,0,0
-02,1,1,Matching,TRUE-0.040025775320828,0.0564936399459839,FALSE,0,0
-02,1,1,Matching,TRUE-0.0392431593500078,0.0531767606735229,FALSE,0,0
-02,1,1,Matching,TRUE-0.0383621333166957,0.0510064363479614,FALSE,0,0
-02,1,1,Matching,TRUE-0.0380571112036705,0.0505654811859131,FALSE,0,0
-02,1,1,Matching,TRUE-0.0446328856050968,0.055998682975769,FALSE,0,0
-02,1,1,Matching,TRUE-0.043257862329483,0.0501611232757568,FALSE,0,0
-02,1,1,Matching,TRUE-0.0391792133450508,0.0421737432479858,FALSE,0,0
-02,1,1,Matching,TRUE-0.0358301736414433,0.0360832214355469,FALSE,0,0
-02,1,1,Matching,TRUE-0.0352443382143974,0.0381616353988647,FALSE,0,0
-02,1,1,Matching,TRUE-0.0315644592046738,0.0390300750732422,FALSE,0,0
-02,1,1,Matching,TRUE-0.0307781845331192,0.0504829883575439,FALSE,0,0
-02,1,1,Matching,TRUE-0.0304048135876656,0.0538406372070313,FALSE,0,0
-02,1,1,Matching,TRUE-0.0275341421365738,0.050484299659729,FALSE,0,0
-02,1,1,Matching,TRUE-0.0251648798584938,0.0462296009063721,FALSE,0,0
-02,1,1,Matching,TRUE0.026742622256279,0.0286990404129028,FALSE,0,0
-02,1,1,Matching,TRUE0.160416007041931,-0.0065462589263916,FALSE,0,0
-02,1,1,Matching,TRUE0.150478679686785,-0.0116567611694336,FALSE,0,0
-02,1,1,Matching,TRUE0.144569385796785,-0.0171282291412354,FALSE,0,0
-02,1,1,Matching,TRUE0.137452069669962,-0.0228084325790405,FALSE,0,0
-02,1,1,Matching,TRUE0.129933558404446,-0.0298681259155273,FALSE,0,0
-02,1,1,Matching,TRUE0.120594173669815,-0.0337097644805908,FALSE,0,0
-02,1,1,Matching,TRUE0.110629521310329,-0.0359005928039551,FALSE,0,0
-02,1,1,Matching,TRUE0.0973394587635994,-0.0351179838180542,FALSE,0,0
-02,1,1,Matching,TRUE0.0819455236196518,-0.0320428609848022,FALSE,0,0
-02,1,1,Matching,TRUE0.0685940682888031,-0.0355559587478638,FALSE,0,0
-02,1,1,Matching,TRUE0.0563553720712662,-0.0456814765930176,FALSE,0,0
-02,1,1,Matching,TRUE-0.0446983128786087,0.00755810737609863,FALSE,0,0
-02,1,1,Matching,TRUE-0.0459169447422028,0.0153248310089111,FALSE,0,0
-02,1,1,Matching,TRUE-0.0392191112041473,0.0139468908309937,FALSE,0,0
-02,1,1,Matching,TRUE-0.0329970344901085,0.0126312971115112,FALSE,0,0
-02,1,1,Matching,FALSE0,0,TRUE,1.05888855457306,1.05888855457306
-02,1,1,Matching,FALSE0,0,TRUE,1.09322214126587,1.09322214126587
-02,1,1,Matching,FALSE0,0,TRUE,1.07512390613556,1.07512390613556
-02,1,1,Matching,FALSE0,0,TRUE,1.05543148517609,1.05543148517609
-02,1,1,Matching,FALSE0,0,TRUE,1.04945933818817,1.04945933818817
-02,1,1,Matching,FALSE0,0,TRUE,1.04520976543427,1.04520976543427
-02,1,1,Matching,FALSE0,0,TRUE,1.0387796163559,1.0387796163559
-02,1,1,Matching,FALSE0,0,TRUE,1.0374048948288,1.0374048948288
-02,1,1,Matching,FALSE0,0,TRUE,1.03423476219177,1.03423476219177
-02,1,1,Matching,FALSE0,0,TRUE,1.01640200614929,1.01640200614929
-02,1,1,Matching,FALSE0,0,TRUE,1.00680935382843,1.00680935382843
-02,1,1,Matching,FALSE0,0,TRUE,0.99532014131546,0.99532014131546
-02,1,1,Matching,FALSE0,0,TRUE,0.984489262104034,0.984489262104034
-02,1,1,Matching,FALSE0,0,TRUE,0.973142087459564,0.973142087459564
-02,1,1,Matching,FALSE0,0,TRUE,0.954108417034149,0.954108417034149
-02,1,1,Matching,FALSE0,0,TRUE,0.940650463104248,0.940650463104248
-02,1,1,Matching,FALSE0,0,TRUE,0.93263453245163,0.93263453245163
-02,1,1,Matching,FALSE0,0,TRUE,0.926927506923676,0.926927506923676
-02,1,1,Matching,FALSE0,0,TRUE,0.937981307506561,0.937981307506561
-02,1,1,Matching,FALSE0,0,TRUE,0.944505035877228,0.944505035877228
-02,1,1,Matching,FALSE0,0,TRUE,0.970732748508453,0.970732748508453
-02,1,1,Matching,FALSE0,0,TRUE,0.981358587741852,0.981358587741852
-02,1,1,Matching,TRUE0.0236474126577377,0.174613833427429,FALSE,0,0
-02,1,1,Matching,TRUE0.191759690642357,0.124579668045044,FALSE,0,0
-02,1,1,Matching,TRUE0.240571990609169,0.105815649032593,FALSE,0,0
-02,1,1,Matching,TRUE0.280175969004631,0.0888934135437012,FALSE,0,0
-02,1,1,Matching,TRUE0.344903171062469,0.0801531076431274,FALSE,0,0
-02,1,1,Matching,TRUE0.385894060134888,0.0726109743118286,FALSE,0,0
-02,1,1,Matching,TRUE0.424965262413025,0.0694947242736816,FALSE,0,0
-02,1,1,Matching,TRUE0.452160388231277,0.066031813621521,FALSE,0,0
-02,1,1,Matching,TRUE0.47145688533783,0.0622549057006836,FALSE,0,0
-02,1,1,Matching,TRUE0.492755055427551,0.0583382844924927,FALSE,0,0
-02,1,1,Matching,TRUE0.500829756259918,0.052553653717041,FALSE,0,0
-02,1,1,Matching,TRUE0.501389801502228,0.0469383001327515,FALSE,0,0
-02,1,1,Matching,TRUE0.503185510635376,0.0423957109451294,FALSE,0,0
-02,1,1,Matching,TRUE0.49033510684967,0.0366235971450806,FALSE,0,0
-02,1,1,Matching,TRUE0.479516386985779,0.0300501585006714,FALSE,0,0
-02,1,1,Matching,TRUE0.46632993221283,0.0224682092666626,FALSE,0,0
-02,1,1,Matching,TRUE0.452430129051209,0.0176066160202026,FALSE,0,0
-02,1,1,Matching,TRUE0.432058572769165,0.0160940885543823,FALSE,0,0
-02,1,1,Matching,TRUE0.406428575515747,0.0187333822250366,FALSE,0,0
-02,1,1,Matching,TRUE0.372968435287476,0.0224123001098633,FALSE,0,0
-02,1,1,Matching,TRUE0.33698034286499,0.0248576402664185,FALSE,0,0
-02,1,1,Matching,TRUE0.318473935127258,0.0254982709884644,FALSE,0,0
-02,1,1,Matching,TRUE0.291384816169739,0.0229297876358032,FALSE,0,0
-02,1,1,Matching,TRUE0.263705492019653,0.0195997953414917,FALSE,0,0
-02,1,1,Matching,TRUE0.234442472457886,0.0158390998840332,FALSE,0,0
-02,1,1,Matching,TRUE0.208560943603516,0.0149223804473877,FALSE,0,0
-02,1,1,Matching,TRUE0.189388036727905,0.0150278806686401,FALSE,0,0
-02,1,1,Matching,TRUE0.174956917762756,0.0156850814819336,FALSE,0,0
-02,1,1,Matching,TRUE0.165846705436707,0.0168173313140869,FALSE,0,0
-02,1,1,Matching,TRUE0.0581369400024414,0.0542894601821899,FALSE,0,0
-02,1,1,Matching,TRUE-0.0102901458740234,0.0410095453262329,FALSE,0,0
-02,1,1,Matching,TRUE-0.0737307071685791,0.0289630889892578,FALSE,0,0
-02,1,1,Matching,TRUE-0.124720096588135,0.0192632675170898,FALSE,0,0
-02,1,1,Matching,TRUE-0.172051191329956,0.0126502513885498,FALSE,0,0
-02,1,1,Matching,TRUE-0.214024543762207,0.00659036636352539,FALSE,0,0
-02,1,1,Matching,TRUE-0.264690756797791,0.00208783149719238,FALSE,0,0
-02,1,1,Matching,TRUE-0.308773279190063,-0.00115346908569336,FALSE,0,0
-02,1,1,Matching,TRUE-0.353111147880554,-0.00551033020019531,FALSE,0,0
-02,1,1,Matching,TRUE-0.395970940589905,-0.00890779495239258,FALSE,0,0
-02,1,1,Matching,TRUE-0.436222672462463,-0.0129110813140869,FALSE,0,0
-02,1,1,Matching,TRUE-0.458770632743835,-0.0161844491958618,FALSE,0,0
-02,1,1,Matching,TRUE-0.494776368141174,-0.0189580917358398,FALSE,0,0
-02,1,1,Matching,TRUE-0.521569073200226,-0.0195286273956299,FALSE,0,0
-02,1,1,Matching,TRUE-0.551073729991913,-0.0181670188903809,FALSE,0,0
-02,1,1,Matching,TRUE-0.579857647418976,-0.0143821239471436,FALSE,0,0
-02,1,1,Matching,TRUE-0.611528247594833,-0.00960016250610352,FALSE,0,0
-02,1,1,Matching,TRUE-0.637861132621765,-0.00522291660308838,FALSE,0,0
-02,1,1,Matching,TRUE-0.660468369722366,-0.0011746883392334,FALSE,0,0
-02,1,1,Matching,TRUE-0.6801797747612,0.00147521495819092,FALSE,0,0
-02,1,1,Matching,TRUE-0.693145021796227,0.000547051429748535,FALSE,0,0
-02,1,1,Matching,TRUE-0.699431195855141,9.29832458496094E-06,FALSE,0,0
-02,1,1,Matching,TRUE-0.700659573078156,0.000250935554504395,FALSE,0,0
-02,1,1,Matching,TRUE-0.700339064002037,0.00120794773101807,FALSE,0,0
-02,1,1,Matching,TRUE-0.690408945083618,0.00375783443450928,FALSE,0,0
-02,1,1,Matching,TRUE-0.688260577619076,0.00627100467681885,FALSE,0,0
-02,1,1,Matching,TRUE-0.676880538463593,0.00880515575408936,FALSE,0,0
-02,1,1,Matching,TRUE-0.650352120399475,0.0101161003112793,FALSE,0,0
-02,1,1,Matching,TRUE-0.649460136890411,0.0105521678924561,FALSE,0,0
-02,1,1,Matching,TRUE-0.635808289051056,0.0099639892578125,FALSE,0,0
-02,1,1,Matching,TRUE-0.616530478000641,0.00967550277709961,FALSE,0,0
-02,1,1,Matching,TRUE-0.596307456493378,0.0120041370391846,FALSE,0,0
-02,1,1,Matching,TRUE-0.574351787567139,0.0166792869567871,FALSE,0,0
-02,1,1,Matching,TRUE-0.552960276603699,0.0264112949371338,FALSE,0,0
-02,1,1,Matching,TRUE-0.52530038356781,0.0393471717834473,FALSE,0,0
-02,1,1,Matching,TRUE-0.503013372421265,0.0505235195159912,FALSE,0,0
-02,1,1,Matching,TRUE-0.47747802734375,0.0635986328125,FALSE,0,0
-02,1,1,Matching,TRUE-0.446714758872986,0.0757524967193604,FALSE,0,0
-02,1,1,Matching,TRUE-0.411790490150452,0.0855886936187744,FALSE,0,0
-02,1,1,Matching,TRUE-0.388141870498657,0.0973904132843018,FALSE,0,0
-02,1,1,Matching,TRUE-0.354276776313782,0.105858325958252,FALSE,0,0
-02,1,1,Matching,TRUE-0.320148944854736,0.113168239593506,FALSE,0,0
-02,1,1,Matching,TRUE-0.283456444740295,0.11850643157959,FALSE,0,0
-02,1,1,Matching,TRUE-0.248089790344238,0.117782354354858,FALSE,0,0
-02,1,1,Matching,TRUE-0.226025342941284,0.120778322219849,FALSE,0,0
-02,1,1,Matching,TRUE-0.197507858276367,0.119240283966064,FALSE,0,0
-02,1,1,Matching,TRUE-0.16941499710083,0.115337133407593,FALSE,0,0
-02,1,1,Matching,TRUE-0.133132696151733,0.206980466842651,FALSE,0,0
-02,1,1,Matching,TRUE-0.0755624771118164,0.20244288444519,FALSE,0,0
-02,1,1,Matching,TRUE-0.0308574438095093,0.172133445739746,FALSE,0,0
-02,1,1,Matching,TRUE0.112937331199646,0.123761653900146,FALSE,0,0
-02,1,1,Matching,TRUE0.155017018318176,0.0739161968231201,FALSE,0,0
-02,1,1,Matching,TRUE0.192346572875977,0.0266528129577637,FALSE,0,0
-02,1,1,Matching,TRUE0.226454973220825,-0.0232672691345215,FALSE,0,0
-02,1,1,Matching,TRUE0.267805337905884,-0.0741910934448242,FALSE,0,0
-02,1,1,Matching,TRUE0.305758118629456,-0.129607915878296,FALSE,0,0
-02,1,1,Matching,TRUE0.339468002319336,-0.1790611743927,FALSE,0,0
-02,1,1,Matching,TRUE0.374171257019043,-0.227105379104614,FALSE,0,0
-02,1,1,Matching,TRUE0.400916576385498,-0.266510963439941,FALSE,0,0
-02,1,1,Matching,TRUE0.426685690879822,-0.303169727325439,FALSE,0,0
-02,1,1,Matching,TRUE0.44049596786499,-0.326307415962219,FALSE,0,0
-02,1,1,Matching,TRUE0.44770872592926,-0.347285032272339,FALSE,0,0
-02,1,1,Matching,TRUE0.454836010932922,-0.369465589523315,FALSE,0,0
-02,1,1,Matching,TRUE0.456859171390533,-0.395490050315857,FALSE,0,0
-02,1,1,Matching,TRUE0.458566129207611,-0.422518134117126,FALSE,0,0
-02,1,1,Matching,TRUE0.454315185546875,-0.445986151695251,FALSE,0,0
-02,1,1,Matching,TRUE0.441164493560791,-0.46109676361084,FALSE,0,0
-02,1,1,Matching,TRUE0.426065802574158,-0.469401001930237,FALSE,0,0
-02,1,1,Matching,TRUE0.39727383852005,-0.442102193832397,FALSE,0,0
-02,1,1,Matching,TRUE0.357571989297867,-0.359625101089478,FALSE,0,0
-02,1,1,Matching,TRUE0.31419637799263,-0.284377336502075,FALSE,0,0
-02,1,1,Matching,TRUE0.289053857326508,-0.234544992446899,FALSE,0,0
-02,1,1,Matching,TRUE0.268855720758438,-0.192111015319824,FALSE,0,0
-02,1,1,Matching,TRUE0.557577230036259,-0.137790441513062,FALSE,0,0
-02,1,1,Matching,TRUE0.459580108523369,-0.0415521860122681,FALSE,0,0
-02,1,1,Matching,TRUE0.400107279419899,0.029320240020752,FALSE,0,0
-02,1,1,Matching,TRUE0.345974050462246,0.0882200002670288,FALSE,0,0
-02,1,1,Matching,TRUE0.302027761936188,0.135501623153687,FALSE,0,0
-02,1,1,Matching,TRUE0.262696169316769,0.168477416038513,FALSE,0,0
-02,1,1,Matching,TRUE0.230070412158966,0.194972038269043,FALSE,0,0
-02,1,1,Matching,TRUE0.199457041919231,0.214246988296509,FALSE,0,0
-02,1,1,Matching,TRUE0.172927208244801,0.230775356292725,FALSE,0,0
-02,1,1,Matching,TRUE0.149298064410686,0.238546013832092,FALSE,0,0
-02,1,1,Matching,TRUE0.132703945040703,0.242087244987488,FALSE,0,0
-02,1,1,Matching,TRUE0.122254073619843,0.236900210380554,FALSE,0,0
-02,1,1,Matching,TRUE0.117730438709259,0.225674033164978,FALSE,0,0
-02,1,1,Matching,TRUE0.11689604818821,0.204182624816895,FALSE,0,0
-02,1,1,Matching,TRUE0.118022829294205,0.17100727558136,FALSE,0,0
-02,1,1,Matching,TRUE0.116608053445816,0.13852071762085,FALSE,0,0
-02,1,1,Matching,TRUE0.111535906791687,0.100385665893555,FALSE,0,0
-02,1,1,Matching,TRUE0.105946019291878,0.0718173980712891,FALSE,0,0
-02,1,1,Matching,TRUE0.112562298774719,0.0458369255065918,FALSE,0,0
-02,1,1,Matching,TRUE0.129439920186996,0.0180269479751587,FALSE,0,0
-02,1,1,Matching,TRUE0.165146678686142,-0.0139728784561157,FALSE,0,0
-02,1,1,Matching,TRUE0.210604339838028,-0.03867506980896,FALSE,0,0
-02,1,1,Matching,TRUE0.245592653751373,-0.0499380826950073,FALSE,0,0
-02,1,1,Matching,TRUE0.268540292978287,-0.0447016954421997,FALSE,0,0
-02,1,1,Matching,TRUE0.282807588577271,-0.0261157751083374,FALSE,0,0
-02,1,1,Matching,TRUE0.295384705066681,0.00582206249237061,FALSE,0,0
-02,1,1,Matching,TRUE0.312074363231659,0.0534260272979736,FALSE,0,0
-02,1,1,Matching,TRUE0.326514720916748,0.0979462862014771,FALSE,0,0
-02,1,1,Matching,TRUE0.33395516872406,0.139337539672852,FALSE,0,0
-02,1,1,Matching,TRUE0.33265095949173,0.179315447807312,FALSE,0,0
-02,1,1,Matching,TRUE0.321622431278229,0.200542330741882,FALSE,0,0
-02,1,1,Matching,TRUE0.30472457408905,0.215288519859314,FALSE,0,0
-02,1,1,Matching,TRUE0.295477092266083,0.225480437278748,FALSE,0,0
-02,1,1,Matching,TRUE0.288743078708649,0.22216784954071,FALSE,0,0
-02,1,1,Matching,TRUE0.287496447563171,0.210232019424438,FALSE,0,0
-02,1,1,Matching,TRUE0.299448490142822,0.203688859939575,FALSE,0,0
-02,1,1,Matching,TRUE0.368969440460205,0.215634346008301,FALSE,0,0
-02,1,1,Matching,TRUE0.35952091217041,0.193871736526489,FALSE,0,0
-02,1,1,Matching,TRUE0.350149273872375,0.172247886657715,FALSE,0,0
-02,1,1,Matching,TRUE0.341194987297058,0.146498918533325,FALSE,0,0
-02,1,1,Matching,TRUE0.325600385665894,0.114901304244995,FALSE,0,0
-02,1,1,Matching,TRUE0.305824637413025,0.0839765071868896,FALSE,0,0
-02,1,1,Matching,TRUE0.286106109619141,0.0552792549133301,FALSE,0,0
-02,1,1,Matching,TRUE0.259279847145081,0.0236165523529053,FALSE,0,0
-02,1,1,Matching,TRUE0.228752732276917,-0.00762629508972168,FALSE,0,0
-02,1,1,Matching,TRUE0.203809499740601,-0.0282652378082275,FALSE,0,0
-02,1,1,Matching,TRUE0.18569540977478,-0.0357670783996582,FALSE,0,0
-02,1,1,Matching,TRUE0.167777061462402,-0.0325636863708496,FALSE,0,0
-02,1,1,Matching,TRUE0.153531074523926,-0.0165536403656006,FALSE,0,0
-02,1,1,Matching,TRUE0.146462559700012,-0.00154876708984375,FALSE,0,0
-02,1,1,Matching,TRUE0.164791345596313,0.00891423225402832,FALSE,0,0
-02,1,1,Matching,TRUE0.140672564506531,0.0121545791625977,FALSE,0,0
-02,1,1,Matching,TRUE0.0197415351867676,-0.166842222213745,FALSE,0,0
-02,1,1,Matching,TRUE-0.00719153881072998,-0.171763181686401,FALSE,0,0
-02,1,1,Matching,TRUE-0.0210326910018921,-0.175008535385132,FALSE,0,0
-02,1,1,Matching,TRUE-0.023625373840332,-0.187256813049316,FALSE,0,0
-02,1,1,Matching,TRUE-0.0194855928421021,-0.202905654907227,FALSE,0,0
-02,1,1,Matching,TRUE-0.0230624675750732,-0.218801736831665,FALSE,0,0
-02,1,1,Matching,TRUE-0.0436266660690308,-0.226349830627441,FALSE,0,0
-02,1,1,Matching,TRUE-0.0711321830749512,-0.229320526123047,FALSE,0,0
-02,1,1,Matching,TRUE-0.103153228759766,-0.222927927970886,FALSE,0,0
-02,1,1,Matching,TRUE-0.124124884605408,-0.215074181556702,FALSE,0,0
-02,1,1,Matching,TRUE-0.142984747886658,-0.214887619018555,FALSE,0,0
-02,1,1,Matching,TRUE-0.164375305175781,-0.217017412185669,FALSE,0,0
-02,1,1,Matching,TRUE-0.186452746391296,-0.224691867828369,FALSE,0,0
-02,1,1,Matching,TRUE-0.211586952209473,-0.227420210838318,FALSE,0,0
-02,1,1,Matching,TRUE-0.222169041633606,-0.229479312896729,FALSE,0,0
-02,1,1,Matching,TRUE-0.231099128723145,-0.209123373031616,FALSE,0,0
-02,1,1,Matching,TRUE-0.254578351974487,-0.173041343688965,FALSE,0,0
-02,1,1,Matching,TRUE-0.242295861244202,-0.144701838493347,FALSE,0,0
-02,1,1,Matching,TRUE-0.202831983566284,-0.140054702758789,FALSE,0,0
-02,1,1,Matching,TRUE-0.17268705368042,-0.141292095184326,FALSE,0,0
-02,1,1,Matching,TRUE-0.153570532798767,-0.157081007957459,FALSE,0,0
-02,1,1,Matching,TRUE-0.144207954406738,-0.138591051101685,FALSE,0,0
-02,1,1,Matching,TRUE-0.0583767890930176,0.0775916576385498,FALSE,0,0
-02,1,1,Matching,TRUE-0.0509639978408813,0.106565713882446,FALSE,0,0
-02,1,1,Matching,TRUE-0.0676153898239136,0.0874850749969482,FALSE,0,0
-02,1,1,Matching,TRUE-0.0810534954071045,0.0380178689956665,FALSE,0,0
-02,1,1,Matching,TRUE-0.082060694694519,-0.0119504928588867,FALSE,0,0
-02,1,1,Matching,TRUE-0.0853468179702759,-0.0655388832092285,FALSE,0,0
-02,1,1,Matching,TRUE-0.109564900398254,-0.0657080411911011,FALSE,0,0
-02,1,1,Matching,TRUE-0.141240954399109,-0.0371259450912476,FALSE,0,0
-02,1,1,Matching,TRUE-0.160045027732849,0.0722386837005615,FALSE,0,0
-02,1,1,Matching,TRUE-0.124074935913086,0.0425984859466553,FALSE,0,0
-02,1,1,Matching,TRUE-0.0878216028213501,0.0186138153076172,FALSE,0,0
-02,1,1,Matching,TRUE-0.0545281171798706,-0.00497353076934814,FALSE,0,0
-02,1,1,Matching,TRUE-0.0377482175827026,-0.0432084798812866,FALSE,0,0
-02,1,1,Matching,TRUE-0.0497920513153076,-0.112984538078308,FALSE,0,0
-02,1,1,Matching,TRUE-0.061450719833374,-0.209709286689758,FALSE,0,0
-02,1,1,Matching,TRUE-0.0742646455764771,-0.29137134552002,FALSE,0,0
-02,1,1,Matching,TRUE-0.0881587266921997,-0.236480951309204,FALSE,0,0
-02,1,1,Matching,TRUE-0.098950982093811,-0.192184925079346,FALSE,0,0
